{"entities":{"pages":{"Introduction":{"id":"Introduction","title":"Introduction","url":"introduction.html","level":0,"tabIndex":0},"Bootstrap-Grid-System":{"id":"Bootstrap-Grid-System","title":"Bootstrap Grid System","url":"bootstrap-grid-system.html","level":0,"tabIndex":1},"Media-Object":{"id":"Media-Object","title":"Media Object","url":"media-object.html","level":0,"tabIndex":2},"Utilities":{"id":"Utilities","title":"Utilities","url":"utilities.html","level":0,"tabIndex":3},"Components":{"id":"Components","title":"Components","url":"components.html","level":0,"tabIndex":4},"Forms":{"id":"Forms","title":"Forms","url":"forms.html","level":0,"tabIndex":5}}},"topLevelIds":["Introduction","Bootstrap-Grid-System","Media-Object","Utilities","Components","Forms"]}